"","Country","Healthexp.GDP","Healthexppercap","LifeExp","Airpassengers","MobileCellSubs","InternetUsersPer100","FixedBroadSubs","AgricultureLand.area","C02emKgper2010USofGDP","CerealProdM3tons","CaptureFishprodM3tons","ForestArea.area","PopDensityperSqKmland","Urbanpop.total","TotalPopulation","Adolesfertilityper1000","FoodprodIndex","CompulsoryEdYears","GDPperCapCurrUS.","IntTourismArrival","IntTourismExp","Unemployment.rate","Olympics","Nuclear","Flag Colours","Official Languages","Coastline","Continent"
"1","Afghanistan",2.65,156.53,60.03,2044188,16807156,5.9,1500,58.07,1.08,6520329,1000,2.07,47,25.87,30682500,82.26,119.84,9,653.35,671828,1.32e+08,9.199999809,"N","N","multicolour","medium","N","Asia"
"2","Albania",2.84,564.07,77.64,865848,3685983,57.2,182556,43.33,0.38,702870,5370.5,28.23,105.72,55.38,2896652,21.14,127.86,9,4412.35,2857000,1.48e+09,16,"N","N","two-colour","low","Y","Europe"
"3","Algeria",5.19,858.86,74.57,4492436.96,39517045,16.5,1280000,17.4,0.76,4912551,100058,0.81,16.03,69.51,38186135,11.11,157.54,10,5491.61,2733000,4.71e+08,9.800000191,"N","N","tricolour","medium","Y","Africa"
"4","Andorra",9.69,5564.65,79.5678000000001,22541200.9375,63931,94,27734,44.26,0.16,2285478.94,332864.863,34.04,161.49,86.17,75902,20.8928,98.1405,10,42804.2,2328000,6360964000,8.42699996763,"N","N","multicolour","low","N","Europe"
"5","Angola",3.08,301.99,51.87,1321872,13285198,8.9,75360,47.48,0.34,1675342,406000,46.61,18.81,42.49,23448202,171.27,213.39,6,5327.15,650000,1.66e+08,6.900000095,"N","N","tricolour","low","Y","Africa"
"6","Antigua and Barbuda",3.59,1121.23,75.78,1218000,114358,63.4,15647,20.45,0.45,80,4605,22.27,204.51,24.64,89985,47.46,88.9,11,13342.08,243000,5e+07,10.92600007747,"N","N","multicolour","low","Y","Northern America"
"7","Argentina",2.74,1174.49,75.99,11951276.82,67361515,59.9,6251020,54.52,0.41,51792609,870705,10.12,15.54,91.45,42538304,63.91,118.41,14,13027.2,5246000,5.57e+09,7.099999905,"N","N","tricolour","low","Y","South America"
"8","Armenia",1.95,352.26,74.56,45000,3346275,41.9,243058,59.08,0.51,543659,4029,11.65,105.1,62.98,2992192,24.56,129.22,11,3716.83,1084000,9.3e+08,16.20000076,"N","N","tricolour","low","N","Asia"
"9","Australia",6.27,4259.1,82.15,68197955,24940000,83.45,5981000,51.63,0.3,35597663,158704.5,16.16,3.01,89.15,23117353,14.97,119.52,10,67652.68,6382000,2.86e+10,5.699999809,"Y","N","tricolour","low","Y","Australia"
"10","Austria",8.37,4889.15,81.14,15037454,13272000,80.62,2232500,32.91,0.15,4858249,350,46.84,102.74,65.88,8479375,7.97,101.96,9,50504.72,24813000,1.03e+10,4.900000095,"Y","N","two-colour","low","N","Europe"
"11","Azerbaijan",1.15,948.95,70.69,1651710,10130102,73,1712177,57.7,0.62,2856572,796,13.15,113.92,54.1,9416801,56.13,139.8,9,7811.62,2130000,2.88e+09,5,"N","N","multicolour","low","Y","Asia"
"12","Bahamas, The",3.08,1637.04,75.07,576996,287000,72,157011.94,1.4,0.38,700,12765,51.45,37.75,82.73,377841,32.35,133.85,11,22554.45,1364000,2.62e+08,16.20000076,"N","N","tricolour","low","Y","Northern America"
"13","Bahrain",3.02,2028.71,76.55,4626648,2210190,90,300056,11.17,1.11,4401693.65,14976,0.74,1752.5,88.67,1349427,13.66,206.83,9,24113.52,9163000,7.13e+08,3.700000048,"N","N","two-colour","low","Y","Asia"
"14","Bangladesh",0.81,84.68,71.25,2781708,116553076,6.63,1525325,69.97,0.5,54253412,1550446,11.02,1207.32,32.75,157157394,84.43,135.36,5,954.4,148000,3.5e+08,4.5,"N","N","two-colour","low","Y","Asia"
"15","Barbados",4.9,1013.73,75.33,2143934.972,307708,71.8,67798,32.56,0.32,340,2988,14.65,656.98,31.65,282503,44.41,97.17,11,15473.1,509000,4.3e+07,11.60000038,"N","N","tricolour","low","Y","Northern America"
"16","Belarus",4.02,1068.23,72.47,1159500,11114440,54.17,2785842,43,1.06,7233152,697,42.35,46.65,75.88,9466000,20.13,125.89,9,7722.12,137000,1.15e+09,6,"N","N","tricolour","medium","N","Europe"
"17","Belgium",8.23,4264.19,80.59,9521421,12315217,82.17,3828918,44.14,0.19,3097497,25662,22.54,369.31,97.78,11182817,8.7,101.79,12,46508.12,7684000,2.19e+10,8.399999619,"Y","N","tricolour","medium","Y","Europe"
"18","Belize",3.78,477.19,69.98,513175.6,174615,33.6,9900,7.01,0.34,111934,34672,60.34,15.09,44.3,344193,68.21,102.17,8,4723.59,294000,4e+07,11.69999981,"N","N","multicolour","low","Y","Northern America"
"19","Benin",2.22,82.24,59.31,137640,9627447,4.9,42477,33.26,0.72,1636242,42416,39.12,91.54,43.09,10322232,87.41,151.6,6,887.09,231000,3.9e+07,1,"N","N","tricolour","low","Y","Africa"
"20","Bhutan",2.8,283.03,69.1,207996,544337,22.4,20481,13.63,0.48,159723,3,71.75,19.8,37.14,754637,25.21,97.13,8.4,2383.04,116000,6.4e+07,2.900000095,"N","N","tricolour","low","N","Asia"
"21","Bolivia",4.24,382.11,67.91,2027888,10425704,36.99,154098,34.73,0.85,2144953,7171,51.09,9.6,67.7,10399931,71.86,135.52,14,2948.03,798000,5.21e+08,2.599999905,"N","N","tricolour","high","N","South America"
"22","Bosnia and Herzegovina",6.63,919.17,76.28,15000,3488319,57.79,516104,42.15,1.25,1222498,305,42.68,74.68,39.49,3823533,10.06,116.98,9,4748.04,529000,1.33e+08,27.39999962,"N","N","tricolour","medium","Y","Europe"
"23","Botswana",3.51,893.17,64.36,270996,3246787,15,21590,45.66,0.35,19366,431,19.49,3.84,56.94,2176510,36.32,129.96,8.76,6806.66,1544000,4.7e+07,17.60000038,"N","N","tricolour","low","N","Africa"
"24","Brazil",3.83,1334.1,74.12,95591641,271099799,51.04,21360635,33.36,0.21,100901726,765286,59.28,24.44,85.17,204259377,67.88,136.65,14,12071.78,5813000,2.5e+10,6.5,"N","N","multicolour","low","Y","South America"
"25","Brunei Darussalam",2.41,1903.79,78.55,1139784,468814,64.5,27557,2.73,0.55,1850,2826,72.11,78.08,76.56,411499,21.45,167.24,9,43970.53,225000,2985858000,3.799999952,"N","N","multicolour","low","Y","Asia"
"26","Bulgaria",4.12,1270.51,74.86,1013220,10486824,53.06,1421552,46.01,0.76,9153930,9670,34.9,66.92,73.3,7265115,40.34,120.44,11,7674.86,6898000,1.11e+09,12.89999962,"N","N","tricolour","low","Y","Europe"
"27","Burkina Faso",3.49,96.72,58.24,138996,11240886,9.1,12962,44.96,0.28,4869722,20500,19.99,62.44,28.19,17084554,112.66,123.92,10,698.34,218000,1.44e+08,3.299999952,"N","N","tricolour","low","N","Africa"
"28","Burundi",4.4,60.26,56.25,1989555.2697,2536831,1.26,1534,79.17,0.13,254753,13232,10.39,407.55,11.47,10465959,29.46,144.81,7.61,259.37,473355,3.4e+07,7,"N","N","tricolour","medium","N","Africa"
"29","Cabo Verde",3.12,271.89,72.97,6e+05,499458,37.5,21212,20.84,0.25,5785,35979,21.83,125.87,64.13,507258,74.15,88.62,10,3648.94,503000,1.19e+08,9,"N","N","multicolour","low","Y","Africa"
"30","Cambodia",1.4,182.6,67.77,615123.33,20264514,6.8,32648,30.9,0.4,10317000,639468,55.02,85.42,20.32,15078564,49.93,180.95,7.87,1024.61,4210000,3.55e+08,0.300000012,"N","N","tricolour","low","Y","Asia"
"31","Cameroon",1.01,121.73,55.04,287208,15664666,11.0521,16900,20.63,0.25,3088980,210000,40.74,46.99,53.25,22211166,111.35,160.17,6,1331.2,912000,6.12e+08,4.099999905,"N","N","tricolour","medium","Y","Africa"
"32","Canada",7.58,4623.25,81.77,71526725.92,28360000,85.8,12094461,7.19,0.27,66405300,866924,38.18,3.87,81.47,35155499,10.71,115.42,10,52266.18,16059000,3.52e+10,7.099999905,"Y","N","two-colour","medium","Y","Northern America"
"33","Central African Republic",1.91,22.6,49.88,397739.0423,1360300,3.5,28902.76,8.15,0.22,266300,30000,35.64,7.56,39.5,4710678,95.78,121.47,7,322.37,704980,225218000,7.400000095,"N","N","multicolour","low","N","Africa"
"34","Chad",1.77,70.8,51.19,28080,4561243,2.3,14689,39.66,0.05,2561000,120000,4.07,10.44,22.23,13145788,144.59,120.13,10,985.1,1e+05,125206000,7.099999905,"N","N","tricolour","medium","N","Africa"
"35","Chile",3.63,1663.51,81.2,13806283,23661339,58,2295169,21.22,0.33,4004023,2288874,23.04,23.64,89.18,17575833,48.71,117.38,13,15764.76,3576000,1.87e+09,6,"N","N","tricolour","low","Y","South America"
"36","China",3.01,654.37,75.59,352795296,1229113000,45.8,188909000,54.81,1.32,552692092,16557948.3,21.86,144.58,53.17,1357380000,7.43,129.46,9,7077.77,55686000,1.29e+11,4.599999905,"Y","Y","two-colour","low","Y","Asia"
"37","Colombia",5.22,869.86,73.81,26929238,50295114,51.7,4537621,40.39,0.27,3820036,68914,52.78,42.67,75.88,47342363,54.67,116.57,10,8030.69,2288000,3.94e+09,9.600000381,"N","N","tricolour","low","Y","South America"
"38","Comoros",2,95.33,62.93,1434774.7415,347500,6.5,1300,71.47,0.28,36800,43732,20.31,403.92,28.1,751697,72,112.92,6,823.02,372573,82862000,6.5,"N","N","multicolour","medium","Y","Africa"
"39","Congo, Dem. Rep.",1.32,27.04,58.27,456000,28231900,2.2,450,11.56,0.11,1793750,227414,67.58,32,41.46,72552861,123.62,117.1,6,413.7,191000,1.7e+08,8.199999809,"N","N","multicolour","low","Y","Africa"
"40","Congo, Rep.",4.06,302.6,61.67,652452,4659762,6.6,438,31.12,0.19,31650,73117,65.49,12.87,64.53,4394334,122.35,136,10,3205.46,343000,2.36e+08,6.599999905,"N","N","multicolour","low","Y","Africa"
"41","Costa Rica",6.91,1359.44,79.23,1498996,7111981,45.96,484883,35.48,0.18,238539,19508,52.79,92.17,74.96,4706433,58.05,123.51,11,10547.21,2428000,4.25e+08,8.5,"N","N","tricolour","low","Y","Northern America"
"42","Cote d'Ivoire",1.8,176.13,51.21,234996,19390902,8.4,56281,64.78,0.31,2712481,75658,32.71,68,52.77,21622490,135.3,125.75,8.27,1445.91,380000,3.81e+08,4.099999905,"N","N","tricolour","low","Y","Africa"
"43","Croatia",6.4,1666.06,77.13,1716702,4721015,66.75,954720,28.01,0.31,3189777,75831.34,34.33,76.05,58.36,4255689,10.68,98.17,8,13574.98,10948000,9.03e+08,17.29999924,"N","N","multicolour","low","Y","Europe"
"44","Cuba",8.96,1993.46,79.26,1395072,1995698,27.93,5360,60.85,0.56,1104303,22103,29.68,109.02,76.87,11362505,47.23,103.21,9,6789.85,2829000,2200927000,3.200000048,"N","N","tricolour","low","Y","Northern America"
"45","Cyprus",3.47,2112.02,79.95,1211208,1099621,65.45,229195,11.62,0.25,51923,1186,18.7,123.56,67.13,1141652,5.28,81.4,9,27907.97,2405000,1.24e+09,15.80000019,"N","N","tricolour","medium","Y","Asia"
"46","Czech Republic",6.31,2064.43,78.18,5186676,13719300,74.11,2856168,54.63,0.47,7517761,3761,34.48,136.14,73.06,10514272,10.58,92.29,9,19916.02,10300000,4.64e+09,7,"N","N","tricolour","low","N","Europe"
"47","Denmark",9.59,4858.2,80.3,48800474.2559,7031152,94.63,2272401,61.74,0.12,9119687,668480,14.25,132.88,87.32,5614932,4.28,102.62,10,60361.74,8557000,1.01e+10,7,"N","N","two-colour","low","Y","Europe"
"48","Djibouti",5.32,276.73,61.69,1522865.3024,244123,9.5,17705,73.43,0.47,16,1702,0.24,37.3,77.19,864554,22.47,134.4,10,1682.95,63000,19200000,11.66300010995,"N","N","multicolour","medium","Y","Africa"
"49","Dominica",3.81,577.12,72.4839,1066939.2715,93575,51,10667,33.33,0.27,200,547,58.48,96.01,68.97,72005,41.5386,110,11,7061.28,78000,1.3e+07,10.64000000961,"N","N","multicolour","low","Y","Northern America"
"50","Dominican Republic",2.62,507.68,73.32,20004,9200410,45.9,526705,48.69,0.37,772950,13188,39.67,212.82,77.08,10281408,99.53,135.52,15,6026.99,4690000,3.78e+08,15,"N","N","tricolour","low","Y","Northern America"
"51","Ecuador",3.86,797.4,75.65,5157521,16626199,40.28,1058453,30.25,0.52,3102798,514625,51.16,63.06,63.3,15661312,76.75,115.47,15,6074.18,1364000,6.21e+08,4.199999809,"N","N","tricolour","low","Y","South America"
"52","Egypt, Arab Rep.",2.06,567.17,70.93,10593780.18,99704976,29.4,2676263,3.78,0.92,24121844,356858,0.07,88.01,43.03,87613909,53.54,118.73,9,3264.45,9174000,3.01e+09,13.19999981,"N","N","multicolour","low","Y","Africa"
"53","El Salvador",4.63,561.48,72.5,2509003,8991899,23.11,284428,76.35,0.28,1043725,53381,13.21,293.9,65.78,6089644,66.2,112.51,12,3998.74,1283000,2.42e+08,5.900000095,"N","N","two-colour","low","Y","Northern America"
"54","Equatorial Guinea",2.96,1196.14,57.29,401712,510783,16.4,3518,10.12,0.3,589864.6,8500,56.73,28.42,39.6,797082,112.06,118.16,6,27528.66,1077258,851877000,7,"N","N","multicolour","medium","Y","Africa"
"55","Eritrea",1.38,45.63,63.18,872963.5925,354844,0.9,146,75.17,0.4551,265000,4000,15.04,49.49,35.2341,6905810.44,58.34,110.65,7.91,1844.346,804566,130364000,7.199999809,"N","N","multicolour","medium","Y","Africa"
"56","Estonia",5.14,1660.09,77.14,627588,2055234,79.4,360948,22.77,0.9,975500,69673,52.67,31.09,67.72,1317997,14.9,133.76,9,19029.78,2873000,1.06e+09,8.600000381,"N","N","tricolour","low","Y","Europe"
"57","Ethiopia",2.95,71.3,63.44,5671501,25646865,4.6,238067,36.26,0.27,21575457,38371,12.42,94.56,18.59,94558374,63.63,147.46,7.92,503.9,681000,1242890000,5,"N","N","multicolour","high","N","Africa"
"58","Fiji",2.9,330.6,69.92,1161936,930406,37.1,10927,23.26,0.49,5834,42863,55.14,48.19,52.98,880487,43.66,85.81,9.41,4758.89,658000,9.6e+07,8.300000191,"N","N","multicolour","medium","Y","Australia"
"59","Finland",7.2,3653.77,80.98,10467321,7411200,91.51,1720200,7.43,0.19,4065300,167853,73.11,17.9,83.95,5438972,6.96,96.23,10,49638.08,7476800,5.29e+09,8.199999809,"Y","N","two-colour","medium","Y","Europe"
"60","France",8.91,4369.93,82.22,63925151,63324000,81.92,24940000,52.55,0.12,67496281,566108.1,30.61,120.48,79.06,65972097,9.28,98.64,11,42571.2,83634000,4.29e+10,10.39999962,"Y","Y","tricolour","low","Y","Europe"
"61","Gabon",2.93,671.06,63.84,0,2745229,9.2,8900,20.03,0.28,46700,36600,87.71,6.4,86.66,1650351,106.71,120.91,10,10658.77,1176984,580975000,20.29999924,"N","N","tricolour","medium","Y","Africa"
"62","Gambia, The",4.18,106.83,60,146784,1848854,14,438,59.78,0.49,227693,43726,47.91,184.47,58.37,1866878,114.7,97.36,9,484.11,171000,90708500,7,"N","N","multicolour","medium","Y","Africa"
"63","Georgia",1.28,570.3,74.51,189316,4993119,43.3,516931,36.72,0.55,487900,12070,40.62,66.06,53.31,3776000,43.93,86.89,9,4274.38,5392000,2.94e+08,14.60000038,"N","N","two-colour","low","Y","Asia"
"64","Germany",8.57,4837.27,80.84,109062321.5,100034000,84.17,28641961,47.86,0.21,47757100,235107,32.72,231.16,74.89,82132753,7.49,107.37,12,45688.39,31545000,9.13e+10,5.300000191,"Y","N","tricolour","low","Y","Europe"
"65","Ghana",3.24,180.32,61.14,396372,28026482,12.3,68795,69,0.34,2745913,301950,40.78,114.99,52.74,26164432,68.88,143.71,11,1827.1,994000,4.73e+08,1.799999952,"N","N","multicolour","low","Y","Africa"
"66","Greece",6.07,2357.08,81.29,8761116,12999790,59.87,2913191,63.66,0.28,4896899,64169.2,30.98,85.07,77.34,10965211,8.1,87.84,9,21874.82,17920000,2.44e+09,27.20000076,"Y","N","two-colour","low","Y","Europe"
"67","Grenada",2.78,716.5,73.19,1096303.1791,133000,35,18000,23.53,0.39,400,2695,49.97,311.48,35.58,105902,33.43,96.29,12,7956.14,116000,1.1e+07,9.69600011081,"N","N","tricolour","low","Y","Northern America"
"68","Guatemala",2.32,452.93,71.49,78264,21716357,19.7,352826,34.72,0.3,1877295,21986,33.71,146.42,50.66,15690793,82.72,151.25,10,3432.02,1331000,7.25e+08,3,"N","N","two-colour","high","Y","Northern America"
"69","Guinea",2.38,67.66,58.22,547352.7592,7436471,1.6,800,59.01,0.44,3435760,155961,26.19,48.63,36.21,11948726,143.77,123.52,6,521.54,56000,5e+07,1.700000048,"N","N","tricolour","low","Y","Africa"
"70","Guinea-Bissau",1.63,102.48,54.84,429788.4751,939909,3.1,1452,57.97,0.28,264189,6707,70.84,62.49,47.75,1757138,95.24,140.74,9,584.28,253555,27200000,6.800000191,"N","N","multicolour","low","Y","Africa"
"71","Guyana",2.9,350.49,66.31,0,555035,35,36900,8.53,0.74,827800,49268,84.05,3.87,28.38,761033,89.26,129.94,6,3928.88,158000,8.1e+07,11.10000038,"N","N","multicolour","low","Y","South America"
"72","Haiti",1.72,136.42,62.4,681346.4297,7160200,10.6,24023.4600000001,66.76,0.32,613318,16510,3.58,378.49,56.17,10431249,40.47,121.01,6,810.31,420000,6.2e+07,6.800000191,"N","N","tricolour","medium","Y","Northern America"
"73","Honduras",4.46,405.13,72.94,372972,7767235,17.8,68991,28.91,0.52,686727,11849,43.19,70.15,53.54,7849059,67.05,118.59,12,2340.68,863000,4.04e+08,3.900000095,"N","N","two-colour","low","Y","Northern America"
"74","Hungary",4.91,1766.79,75.57,13926540,11590326,72.64,2597159,58.99,0.31,13609910,6472,22.75,109.28,70.31,9893082,18.72,88.77,8,13613.6,10624000,1.91e+09,10.19999981,"N","N","tricolour","low","N","Europe"
"75","Iceland",7.07,3697.47,82.06,2602714,356264,96.55,117467,18.68,0.14,4458644.69,1383843,0.46,3.23,93.94,323764,7.31,114.21,10,47493.25,807000,8.5e+08,5.599999905,"N","N","tricolour","low","Y","Europe"
"76","India",1.29,240.12,67.66,75589071,886304245,15.1,14927670,60.41,1.02,293940000,4645182,23.65,430.35,31.99,1279498874,28.06,138.76,8,1456.2,6968000,1.16e+10,3.599999905,"N","Y","multicolour","low","Y","Asia"
"77","Indonesia",1.15,292.45,68.7,81721356,313226914,14.94,3251800,31.46,0.53,89791565,6056193,50.99,138.7,52.25,251268276,50.75,137.48,9,3631.67,8802000,7.68e+09,6.300000191,"N","N","two-colour","low","Y","Asia"
"78","Iran, Islamic Rep.",2.73,1045.01,75.13,16580818.01,65246219,29.95,5161156,28.3,1.39,16428457,559162,6.56,47.37,72.32,77152445,27.86,113.29,8,6631.3,4769000,7.26e+09,12.89999962,"N","N","tricolour","low","Y","Asia"
"79","Iraq",3.72,774.4,69.18,476484,32450000,9.2,793454.31,21.26,0.93,6500674,56853,1.9,78.53,69.26,34107366,81.62,126.07,6,6879.7,892000,695312000,15.10000038,"N","N","multicolour","medium","Y","Asia"
"80","Ireland",5.33,3761.84,81,93408036,4880792,78.25,1189212,64.99,0.16,2402700,275950,10.78,66.75,62.67,4598294,11.45,99.15,10,52034.77,8260000,6.11e+09,13.10000038,"N","N","tricolour","medium","Y","Europe"
"81","Israel",4.86,2571.89,82.06,5565864,9500000,70.25,2003000,24.04,0.27,310253,1983,7.42,372.44,92.01,8059500,10.81,110.2,13,36393.67,2962000,3.96e+09,6.300000191,"N","Y","two-colour","low","Y","Asia"
"82","Italy",6.97,3257.47,82.69,27846220,96863107,58.46,14012976,46.34,0.17,18214664,177917.7,31.24,204.78,68.69,60233948,6.23,94.8,12,35370.27,47704000,2.7e+10,12.19999981,"Y","N","tricolour","low","Y","Europe"
"83","Jamaica",3.38,514.1,75.49,46272,2846196,37.1,140816,41,0.58,3007,17913,31.02,256.07,54.34,2714669,62.33,106.08,6,5259.04,2008000,1.73e+08,15,"N","N","tricolour","low","Y","Northern America"
"84","Japan",8.53,3713.13,83.33,107573000,147887593,88.22,36724828,12.45,0.21,11786590,3740753.43,68.47,349.29,92.49,127338621,4.35,97.94,9,40488.24,10364000,2.19e+10,4,"Y","N","two-colour","low","Y","Asia"
"85","Jordan",4.87,763.08,73.9,3294911,10313976,41.4,328382,11.9,0.87,103147,760,1.1,81.27,83.21,7214832,24.88,136.66,10,4656.22,3945000,1.1e+09,12.60000038,"N","N","multicolour","low","Y","Asia"
"86","Kazakhstan",2.19,994.25,70.45,4785588,30364900,63,1958823,80.38,1.49,18156780,34692,1.23,6.31,53.36,17035275,29.98,125.45,10,13890.86,4926000,1.6e+09,5.199999809,"N","N","two-colour","medium","Y","Asia"
"87","Kenya",3.35,158.04,60.95,4516500,31830003,39,74144,48.55,0.28,4536942,163302,7.63,76.77,24.78,43692881,92.84,122.89,12,1261.09,1434000,2.33e+08,9.100000381,"N","N","multicolour","medium","Y","Africa"
"88","Kiribati",8.23,177.7,65.77,8824265.3654,20000,11.5,700,41.98,0.36,1148369.55,81531,15,134,44.06,108544,19.55,120.81,9,1724.22,5900,11400000,9.35700001422,"N","N","multicolour","low","Y","Australia"
"89","Korea, Rep.",3.91,2380.22,81.71,54530105,54680840,84.77,18737514,18.15,0.5,5810083,1601804,63.6,515.25,82.25,50219669,1.73,104.03,9,25997.88,12176000,2.16e+10,3.099999905,"N","N","multicolour","low","Y","Asia"
"90","Kuwait",2.17,1968.3,74.47,3244805,6410000,75.46,47000,8.62,0.72,33254,4633,0.35,201.67,98.31,3593689,10.85,170.19,9,48463.15,307000,9.65e+09,3.200000048,"N","N","multicolour","low","Y","Asia"
"91","Kyrgyz Republic",3.88,214.33,70.2,771165,6737487,23,136200,55.04,1.75,1728265,120,3.4,29.82,35.48,5719600,40.8,112.19,9,1282.44,3076000,3.5e+08,8.300000191,"N","N","two-colour","medium","N","Asia"
"92","Lao PDR",0.96,95.39,65.69,1476528,4612612,12.5,9025,10.12,0.24,4628645,40165,79.65,28.51,36.47,6579985,65.35,152.89,5,1700.53,2700000,3.98e+08,1.299999952,"N","N","tricolour","low","N","Europe"
"93","Latvia",3.54,894.62,73.98,2754720,2558000,75.23,496000,30.18,0.26,1948800,116074,53.95,32.36,67.48,2012647,14.67,120.74,11,15033.15,1536000,7.15e+08,11.89999962,"N","N","two-colour","low","Y","Europe"
"94","Lebanon",3.05,1033.01,79.13,2241480,3884757,70.5,480000,64.32,0.56,178745,3100,13.41,516.81,87.55,5286990,13.13,96.08,9,8388.97,1274000,4.39e+09,6.199999809,"N","N","tricolour","low","Y","Asia"
"95","Lesotho",8.41,281.7,49.33,8762949.5136,1790295,5,2275,74.18,0.83,107025,50,1.55,68.61,26.27,2083061,91.39,111.73,7,1199.87,433000,2.11e+08,24.60000038,"N","N","multicolour","medium","N","Africa"
"96","Liberia",2.83,83.66,60.52,392974.5592,2550775,3.2,5080,28.03,0.58,270000,9500,44.01,44.58,48.92,4293692,113.99,120.26,6,453.34,368210,1.26e+08,3.700000048,"N","N","tricolour","low","Y","Africa"
"97","Libya",3.02,911.43,71.66,2744844,10235300,16.5,64700,8.73,0.8956,305900,36004,0.12,3.56,78.17,6265987,6.27,110.15,9,13007.945,2957220,2.43e+09,19.20000076,"N","N","monocolour","low","Y","Africa"
"98","Lithuania",4.31,1668.16,73.91,1009728,4565976,68.45,836200,46.13,0.3,4474800,90871,34.72,47.19,66.55,2957689,12.81,117.12,9,15692.01,2012000,1.07e+09,11.80000019,"N","N","tricolour","low","Y","Europe"
"99","Luxembourg",5.94,6566.09,81.8,1555788,788371,93.78,176500,50.53,0.18,173287,383695.8942,33.47,209.79,89.57,543360,6.57,89.58,12,113726.64,945000,3.95e+09,5.900000095,"N","N","tricolour","high","N","Europe"
"100","Macedonia, FYR",4.2,757.3,75.19,677922.6565,2237250,65.24,338486,49.96,0.84,561918,334,39.57,82.18,56.98,2072543,18.45,117.92,9,5219.54,4e+05,1.31e+08,29,"N","N","two-colour","medium","N","Australia"
"101","Madagascar",2.56,58.65,64.67,539208,8461120,3,37988,71.18,0.33,3997926,104597,21.49,39.4,33.83,22924557,120.17,120.66,5,462.46,196000,1.34e+08,3.599999905,"N","N","tricolour","medium","Y","Africa"
"102","Malawi",5.79,86.6,61.47,5856,5290044,5.05,8777,61.41,0.16,3892310,112248,33.76,171.72,15.94,16190126,138.6,196.38,7.86,335.52,795000,6.2e+07,7.599999905,"N","N","tricolour","low","N","Africa"
"103","Malaysia",2.2,945.74,74.57,47995842,43005000,57.06,2938800,23.86,0.8,2690153,1492785,67.47,89.68,73.28,29465372,13.08,128.14,6,10971.42,25715000,1.22e+10,3.200000048,"N","N","multicolour","low","Y","Asia"
"104","Maldives",8.26,1513.4,76.6,11664632.2708,625161,44.1,20351,26.33,0.39,190,129841,3.33,1310,43.42,393000,8.34,63.53,10.1,7112.34,1125000,1.98e+08,11.30000019,"N","N","tricolour","low","Y","Asia"
"105","Mali",1.13,99.18,57.54,33444,19749371,3.5,2909,33.77,0.09,5736252,99353,3.99,13.6,38.36,16592097,177.15,150.72,9,772.25,142000,1.18e+08,8.100000381,"N","N","tricolour","low","N","Africa"
"106","Malta",6.55,3054.57,81.75,1603404,556652,68.91,143010,31.97,0.23,17100,2356,1.09,1323.04,95.14,423374,17.3,91.58,11,24056.61,1582000,3.84e+08,6.5,"N","N","tricolour","medium","Y","Europe"
"107","Marshall Islands",14.55,670.82,68.6721,9595768.262,4125499.07,14,1284,63.89,0.58,1802680.89,80616,70.22,293.26,72.16,52786,38.909,102.88,9,3618.23,757256,12700000,10.04499999892,"N","N","tricolour","medium","Y","Australia"
"108","Mauritania",1.73,134.97,62.8,261696,3988195,6.2,7532,38.53,0.52,310950,387833,0.22,3.76,58.64,3872684,80.86,119.9,6,1457.84,1059760,5.8e+07,31.10000038,"N","N","two-colour","low","Y","Africa"
"109","Mauritius",2.37,851.45,74.02,1318052,1533600,40.12,162400,42.36,0.33,1278,7673,18.98,620.03,39.98,1258653,28.88,93.79,11,9637,993000,4.38e+08,8,"N","N","multicolour","low","Y","Africa"
"110","Mexico",3.26,1070.12,76.53,35986501.82,106748021,43.46,12295322,54.89,0.42,33210301,1626417.15,34.07,63.65,78.69,123740109,64.71,115,14,10198.65,24151000,9.12e+09,4.900000095,"Y","N","tricolour","low","Y","Northern America"
"111","Micronesia, Fed. Sts.",12.09,451.81,68.97,9187537.0839,31393,27.8,2063,31.43,0.5,265,36036,91.73,148.17,22.34,103718,17.13,101.56,9.46,3044.08,42000,1.2e+07,9.0480000483,"N","N","two-colour","low","Y","Europe"
"112","Moldova",5.03,471.66,71.17,557653,3696834,45,469367,74.85,0.74,2654338,50,12.16,123.92,44.88,3558566,24.44,87.82,9,2243.98,11500,3.34e+08,5.099999905,"N","N","multicolour","low","N","Europe"
"113","Monaco",3.55,6168.49,77.1583,64524,35464,90.7,16896,29.0735,0.6329,2600445.93,1,20.9054,18764,100,37528,29.8058,108.6485,11,54147.4924,328000,7175706000,9.98999998514,"N","N","two-colour","low","Y","Europe"
"114","Mongolia",2.21,468.03,69.06,585864,2877584,17.7,139729,72.94,3.93,387043,55,8.21,1.84,70.37,2859174,17.69,144.94,12,4400.61,418000,3.99e+08,5,"N","N","multicolour","low","N","Asia"
"115","Montenegro",3.72,903.24,75.97,528852,993902,60.31,95721,16.59,0.52,7588,1580.5,61.49,46.19,63.64,621207,12.9,95.09,9,7186.81,1324000,4.8e+07,19.5,"N","N","multicolour","low","Y","Europe"
"116","Morocco",1.96,428.8,73.71,6507408,42423794,56,843940,68.54,0.55,9874203,1259443.7,12.66,74.96,59.2,33452686,32.78,133.55,9,3141.73,10046000,1.32e+09,9.199999809,"N","N","two-colour","medium","Y","Africa"
"117","Mozambique",3.12,63.31,54.64,701472,12401290,5.4,17983,63.52,0.32,1538800,228091,48.77,33.66,31.67,26467180,148.14,161.67,7.61,605.23,1886000,2.41e+08,22.5,"N","N","multicolour","low","Y","Africa"
"118","Myanmar",0.83,90.38,65.65,1572120,6832380,1.8,95329,19.27,0.21,28611300,3786840,46.14,81.13,33.01,52983829,17.18,130.07,5,1134.93,2044000,1.15e+08,3.299999952,"N","N","multicolour","low","Y","Asia"
"119","Namibia",5.03,802.18,64.34,510000,2727913,13.9,35740,47.14,0.22,87000,485738,8.58,2.85,44.68,2346592,78.59,90.78,7,5417.8,1176000,1.24e+08,19,"N","N","multicolour","low","Y","Africa"
"120","Nauru",4.19,627.15,74.5443,16488,7995972.84,49.5093,814722.21,20,0.54,2679701.69,523,0,506.25,100,10125,45.7266,106.02,14,10726.08,2976110,2632764500,12.72900010429,"N","N","tricolour","low","Y","Australia"
"121","Nepal",2.22,127.47,69.22,643140,21362289,13.3,311457,28.75,0.36,8580285,21500,25.36,194.17,17.88,27834981,73.77,130.36,8.23,696.73,798000,4.22e+08,2.700000048,"N","N","tricolour","low","N","Asia"
"122","Netherlands",9.62,5169.86,81.3,33455251,19467000,93.96,6792000,54.84,0.2,1755536,327437,11.12,498.8,89.27,16804432,4.29,113.41,12,51574.49,12783000,2.04e+10,6.699999809,"Y","N","tricolour","medium","Y","Europe"
"123","New Zealand",9.23,3871.24,81.41,14434056,4766000,82.78,1316000,42.18,0.22,1106662,444032.25,38.55,16.87,86.22,4442100,24.62,109.56,10,42928.1,2629000,3.85e+09,6.199999809,"N","N","tricolour","medium","Y","Australia"
"124","Nicaragua",4.42,394.73,74.51,618177.5323,6808930,15.5,131687,42.09,0.45,1011627,40359,25.88,49.41,58.15,5945646,91.21,141.23,7,1829.02,1229000,1.43e+08,5.300000191,"N","N","two-colour","low","Y","Northern America"
"125","Niger",2.46,44.7,60.83,87936,7006300,1.7,6400,35.35,0.28,4273900,45000,0.92,14.49,18.22,18358863,206.05,133.83,8.29,417.67,123000,4.7e+07,5.099999905,"N","N","tricolour","low","Y","Africa"
"126","Nigeria",0.88,208.46,52.44,4209624,127246092,38,15045,77.74,0.22,19625830,721355,8.58,189.75,46.09,172816517,114.47,114.93,9,2979.84,6e+05,5.86e+09,7.5,"N","N","two-colour","low","Y","Africa"
"127","Norway",8.01,6204.49,81.75,37468146.516,5863034,95.05,1920397,2.7,0.13,965200,2233488,33.15,13.91,79.94,5079623,6.02,104.44,10,102910.44,4778000,1.85e+10,3.5,"Y","N","tricolour","medium","Y","Europe"
"128","Oman",2.41,1128.57,76.84,4994729,5617426,66.45,154290,4.74,0.92,48000,206169,0.01,12.62,76.7,3906912,9.61,123.68,9.33,20204.93,1392000,1.39e+09,7.300000191,"N","N","tricolour","medium","Y","Asia"
"129","Pakistan",0.99,127.41,65.96,7833901.09,127737286,10.9,1628105,47.06,0.78,36449810,474902,2.02,235.05,37.86,181192646,39.99,93.78,12,1276.09,8446760,1.08e+09,5.099999905,"N","Y","two-colour","low","Y","Asia"
"130","Palau",6.6,1355.22,72.5844,1249129.9396,17945,50.3681,1805,10.87,1.15,798595.37,900,87.61,45.48,85.78,20919,36.299,115.8375,12,10932.64,105000,10200000,12.29200007418,"N","N","two-colour","high","Y","Australia"
"131","Panama",5.8,1594.07,77.42,11656416,6204636,44.03,307266,30.36,0.28,466648,199964,62.55,51.19,65.99,3805683,76.92,116.7,11,11786.63,1658000,6.19e+08,4.099999905,"N","N","tricolour","low","Y","Northern America"
"132","Papua New Guinea",3.91,126.5,62.45,1870968,3e+06,5.1,11300,2.63,0.5,18100,213682.47,74.12,16.14,12.98,7308864,56.07,118.18,8.42,2108.83,174000,1.53e+08,2.5,"N","N","multicolour","medium","Y","Australia"
"133","Paraguay",4.78,893.45,72.8,711548.47,7053297,36.9,156576,54.58,0.21,6272392,17000,40.21,16.27,59.17,6465669,59.11,176.24,13,4479.96,610000,2.43e+08,5,"N","N","tricolour","medium","N","South America"
"134","Peru",3.05,612.1,74.28,12255937.76,29793297,39.2,1612812,19.04,0.32,5246246,5876436,58.05,23.88,77.95,30565461,50.91,146.76,14,6580.98,3164000,1.6e+09,4,"N","N","two-colour","medium","Y","South America"
"135","Philippines",1.45,300.39,68.13,25540880,102823569,37,2572800,41.72,0.42,25817179,2335404,25.35,327.24,44.63,97571676,58.88,121.55,13,2786.01,4681000,7.83e+09,7.099999905,"N","N","multicolour","medium","Y","Asia"
"136","Poland",4.53,1529.92,77,5002975.75,56972803,62.85,7031055,47.06,0.58,28455154,214170,30.67,124.23,60.62,38040196,14.19,107.48,12,13780.55,15800000,8.82e+09,10.39999962,"N","N","two-colour","low","Y","Europe"
"137","Portugal",6.23,2634.13,80.72,11860998,11990993,62.1,2563356,40.57,0.21,1240159,196570,34.99,114.16,62.34,10457295,11.12,104.17,9,21618.74,8097000,4.14e+09,16.5,"N","N","multicolour","medium","Y","Europe"
"138","Qatar",1.85,2916.95,78.42,18737348,3310353,85.3,215487,5.73,0.55,1975,12006,0,180.99,99.06,2101288,11.29,136.74,9,94574.26,2611000,6.62e+09,0.300000012,"N","N","two-colour","low","Y","Asia"
"139","Romania",4.52,1070.35,75.06,3087143,22910000,49.76,3790270,60.45,0.4,20903340,4308,29.22,86.87,54.24,19983693,36.21,98.32,10,9585.27,8019000,2.06e+09,7.300000191,"N","N","tricolour","low","Y","Europe"
"140","Russian Federation",3.71,1777.13,70.37,64072322,218300372,67.97,23745346,13.24,1.07,90382447,4353790,49.77,8.76,73.85,143506911,25.53,122.44,10,15552.05,30792000,5.35e+10,5.5,"Y","Y","tricolour","low","Y","Europe"
"141","Rwanda",2.93,120.44,63.39,610992,6689158,9,2781,74.69,0.11,998200,22390,18.91,449.05,26.87,11078095,28.47,172.83,6,679,864000,1.01e+08,0.600000024,"N","N","multicolour","medium","N","Africa"
"142","Samoa",6.22,392.59,73.25,650838.7039,99887,15.3,1238,12.37,0.35,577501.68,11201,60.42,67.28,19.44,190390,26.93,110.27,8,4179.6,116000,2400000,10.59899999446,"N","N","tricolour","low","Y","Australia"
"143","San Marino",5.66,3347.52,78.1142,3166647.936,36780,75.3053,10231,16.67,0.3876,560108.95,31997.0644,0,523.18,94.14,31391,25.2475,99.3225,10,36657.1077,71000,2863085000,8.43200007225,"N","N","multicolour","low","N","Europe"
"144","Sao Tome and Principe",3.59,337.33,66.26,722437.4388,125329,23,978,50.73,0.51,776,5442,55.83,189.99,63.9,182386,86.88,113.06,6,1660.9,317260,1200000,9.38600006684,"N","N","multicolour","low","Y","Africa"
"145","Saudi Arabia",3.1,2159.39,74.18,28252104,53104000,60.5,2919701,80.61,0.86,972500,71946,0.45,14.05,82.72,30201051,10.06,107.93,9,24646.02,15772000,1.77e+10,5.699999809,"N","N","two-colour","low","Y","Asia"
"146","Senegal",2.24,101.18,65.88,219996,13133772,13.1,106733,46.06,0.59,1272425,471472,43.39,73.86,43.08,14221041,83.64,128.14,11,1041.17,1063000,1.5e+08,10.30000019,"N","N","tricolour","low","Y","Africa"
"147","Serbia",5.98,1317.03,75.19,1241352,9198717,53.45,1173635,39.92,1.1,9123503,5040,31.07,81.91,55.37,7164132,19.97,108.43,8,6353.83,922000,1.12e+09,22.10000038,"N","N","multicolour","high","N","Europe"
"148","Seychelles",3.34,865.86,73.12,344436,136790,50.4,12411,3.22,0.55,137974.5,74128,88.41,195.54,53.23,89900,58.98,114.01,10,15695.9,230000,3.7e+07,9.98900007113,"N","N","multicolour","medium","Y","Africa"
"149","Sierra Leone",1.69,220.11,50.36,451722.0449,4e+06,1.7,16082.5900000001,54.71,0.31,1376481,205000,40.41,85.6,39.23,6178859,122.47,172.22,9,796.32,81000,2e+07,3.400000095,"N","N","tricolour","low","Y","Africa"
"150","Singapore",1.74,3631.08,82.25,31729241,8438100,80.9,1493400,0.95,0.19,6611431.75,1645,23.13,7636.72,100,5399162,3.87,112.05,6,55617.61,11899000,2.42e+10,2.799999952,"N","N","two-colour","high","Y","Asia"
"151","Slovak Republic",5.79,2080.11,76.41,64008,6208412,77.88,1109060,40.1,0.35,3411961,1986,40.33,112.57,53.95,5413393,20.87,86.96,10,18191.61,4756270,2.37e+09,14.19999981,"N","N","tricolour","low","N","Northern America"
"152","Slovenia",6.67,2619.81,80.32,857000,2283573,72.68,524621,30.31,0.31,460839,400.22,61.95,102.28,49.76,2059953,4.21,83.12,9,23150.32,2259000,9.22e+08,10.19999981,"N","N","tricolour","medium","Y","Europe"
"153","Solomon Islands",4.99,114.45,67.72,302412,323105,8,1884,3.86,0.24,4200,36607.02,78.46,20.03,21.42,560685,51.56,117.89,8.28,1890,24400,67700000,3.799999952,"N","N","multicolour","low","Y","Australia"
"154","South Africa",4.2,1123.63,56.74,16311250,76865278,46.5,1615210,79.83,1.16,14872900,430530,7.62,43.95,63.79,53192216,48.72,122.25,9,6910.67,9537000,3.43e+09,24.60000038,"N","N","multicolour","high","Y","Africa"
"155","South Sudan",0.92,52.43,55.22,905127.1286,2853228,14.1,100,57.3755,0.16,5687162.03,37000,26.1196,115.998,18.39,11453810,73.19,138.6283,8,1157.49,1008450,217742500,6.37400001041,"N","N","multicolour","low","N","Africa"
"156","Spain",6.5,2928.13,83.08,48056735.82,50158689,71.64,12252061,53.44,0.17,25233510,988673,36.68,93.2,79.13,46620045,8.73,108.81,10,29370.66,60675000,1.64e+10,26.29999924,"Y","N","two-colour","high","Y","Europe"
"157","Sri Lanka",2.1,357.38,74.65,4793393.4,20315150,21.9,424357,43.69,0.23,4837225,494453,33.22,328.26,18.3,20579000,16.57,141.52,9,3611.34,1275000,1.19e+09,4.400000095,"N","N","multicolour","medium","Y","Asia"
"158","St. Kitts and Nevis",2.18,1304.45,73.9951,2985641.8018,77000,64.6,13300,23.08,0.37,129682.47,17633,42.31,208.85,31.89,54301,41.5769,41.8,11,14514.72,107000,1.6e+07,10.20900006518,"N","N","multicolour","low","Y","Northern America"
"159","St. Lucia",3.54,823.61,74.91,3916157.8333,212063,46.2,24704,17.38,0.33,0,2061,33.48,298.86,18.46,182305,55.35,70.96,10,7229.93,319000,4.6e+07,10.50900004377,"N","N","multicolour","low","Y","Northern America"
"160","St. Vincent and the Grenadines",4.31,547.85,72.81,1020134.4973,125378,43.5,14604,25.64,0.3,575,39496,69.23,280.33,49.85,109327,53.12,105.26,12,6596.79,72000,1.4e+07,9.41700003979,"N","N","tricolour","low","Y","Northern America"
"161","Sudan",1.86,274.91,63.17,541644,27657875,22.7,25707,28.7,0.23,5776940.15,34008,8.23,21.03,33.46,38515095,79.99,115.43,8,1871.11,591000,4.6e+08,14.60000038,"N","N","multicolour","medium","Y","Africa"
"162","Suriname",3.2,969.07,70.99,255204,868600,37.4,37095,0.53,0.43,262076,39369,98.33,3.42,66.14,533450,47.3,154.49,6,9618.35,249000,7e+07,4.800000191,"N","N","multicolour","low","Y","South America"
"163","Swaziland",7.37,597.95,48.94,643094.4386,893000,24.7,4200,71.05,0.22,120696,60,33.53,72.71,21.34,1250641,80,112.48,7,3686.88,968000,7.6e+07,22.29999924,"N","N","multicolour","medium","N","Africa"
"164","Sweden",10.05,5177.37,81.96,35977656.7596,12014368,94.78,3147615,7.48,0.09,4985200,187304,68.92,23.57,85.51,9600379,5.54,93.43,9,60283.25,5229000,1.76e+10,8.100000381,"Y","N","two-colour","low","Y","Europe"
"165","Switzerland",7.73,6364.78,82.8,27503416,11048637,86.34,3438094,38.61,0.07,838506,1886,31.54,204.71,73.79,8089346,3.28,101.06,12,84658.89,8967000,1.61e+10,4.400000095,"Y","N","two-colour","high","N","Europe"
"166","Syrian Arab Republic",1.51,270.71,70.3,475932,12291150,26.2,346146,75.81,0.8988,4206428,4800,2.67,105.23,56.86,19322593,41.17,82.43,9,2989.4291,1903990,578510000,11.30000019,"N","N","multicolour","low","Y","Asia"
"167","Tajikistan",2.07,171.63,69.4,683060.16,7537100,16,5800,33.94,0.51,1328800,1179,2.94,57.96,26.62,8111894,38.91,155.73,8.86,1048.67,208000,7e+06,11.19999981,"N","N","multicolour","low","N","Asia"
"168","Tanzania",2.57,130.51,64.29,1173942.82,27442823,4.4,56425,44.76,0.28,8867188,382429,52.84,56.69,30.2,50213457,121.05,154.27,7,909.33,1063000,1.03e+09,2.900000095,"N","N","multicolour","medium","Y","Africa"
"169","Thailand",5.27,883,74.25,43029150.6,93849000,28.94,5192000,43.28,0.8,42040227,1824829,31.98,132.03,47.94,67451422,44.67,128.49,9,6225.05,26547000,6.48e+09,0.699999988,"N","N","tricolour","low","Y","Asia"
"170","Timor-Leste",1.17,98.35,68.02,551854.4461,650000,8,700,25.55,0.4,188121,3200,47.64,75.95,31.49,1180069,49.96,120.92,9,1111.8,79000,4e+07,4.300000191,"N","N","multicolour","medium","Y","Asia"
"171","Togo",2.15,70.22,59.13,840948,4262993,4.5,6915,70.23,0.61,1038494,20015,4.18,127.39,38.98,6928719,91.85,124.59,10,588.99,327000,4.5e+07,6.900000095,"N","N","multicolour","low","Y","Africa"
"172","Tonga",4.06,251.69,72.64,1216852.1232,57500,35,1700,45.83,0.56,807714.69,1960,12.5,146.03,23.56,105139,16.02,132.32,15,4274.23,45000,20300000,9.54700006827,"N","N","two-colour","low","Y","Australia"
"173","Trinidad and Tobago",3.14,1812.1,70.31,2865852,1943873,63.8,212498,10.53,2.03,6359,13212,45.08,262.81,8.67,1348240,33.48,96.4,6,19607.95,434000,1213569500,3.599999905,"N","N","tricolour","low","Y","Northern America"
"174","Tunisia",4.23,797.49,74.04,4648608,12712365,43.8,519984,64,0.6,1328000,110407.7,6.57,70.84,66.46,10886500,6.79,118.84,9,4248.89,6269000,6.75e+08,13.30000019,"N","N","two-colour","low","Y","Africa"
"175","Turkey",4.23,1006.96,74.9,74413804.62,69661108,46.25,8893391,49.92,0.38,37475264,374128,14.96,99.04,72.37,76223639,30.02,129.78,12,10800.54,37795000,4.82e+09,8.699999809,"N","N","two-colour","low","Y","Asia"
"176","Turkmenistan",1.43,296.98,65.46,1800847.46,6125300,9.6,1800,72.01,2.11,1614000,15000,8.78,11.15,49.35,5240088,17.35,124.41,10,7480.32,1424058,462176000,10.69999981,"N","N","multicolour","low","Y","Asia"
"177","Tuvalu",16.47,610.13,71.6447,9133544.2187,3400,37,700,60,0.6802,953079.77,15197,33.33,329.2,57.81,9876,29.7752,107.81,8,3880.35,1300,6050000,10.99599997717,"N","N","multicolour","medium","Y","Australia"
"178","Uganda",2.09,132.52,57.77,198804,18068648,16.2,100900,71.89,0.21,3509000,419249,11.71,182.39,15.44,36573387,120.75,112.52,7,683.34,1206000,5.55e+08,4.199999809,"N","N","multicolour","low","N","Africa"
"179","Ukraine",4.15,665.15,71.16,5218814.57,62458800,40.95,3996550,71.25,1.89,62685950,203623,16.59,78.52,69.27,45489600,26.42,138.36,11,4029.72,24671000,5.76e+09,7.199999809,"N","N","two-colour","low","Y","Europe"
"180","United Arab Emirates",2.56,2208.26,77.2,68151865,16063547,88,1041934,4.57,0.5,54806,72000,3.83,108.13,84.98,9039978,28.44,68.19,6,42986.66,10825440,11267730000,3.799999952,"N","N","multicolour","low","Y","Asia"
"181","United Kingdom",7.78,3374.14,81,118605866,78673978,89.84,23039803,71.3,0.18,20083600,632315,12.85,265.07,82.09,64128226,16.72,100.2,11,42407.37,31063000,5.84e+10,7.5,"Y","Y","tricolour","low","Y","Europe"
"182","United States",8.05,8987.9,78.84,743171000,310698000,71.4,96031000,44.37,0.33,436553676,5153378.54,33.84,34.59,81.28,316427395,27.07,113.23,12,52749.91,69995000,1.04e+11,7.400000095,"Y","Y","tricolour","medium","Y","Northern America"
"183","Uruguay",6.07,1731.68,76.84,5994851.1255,5267947,57.69,737078,82.64,0.17,4045696,59196,10.28,19.47,94.98,3407969,57.25,130.06,14,16881.38,2683000,1.31e+09,6.599999905,"N","N","multicolour","low","Y","South America"
"184","Uzbekistan",3.12,340.03,68.22,2614085,21500000,26.8,306300,62.93,2.07,7704980,15623,7.62,71.09,36.22,30243200,18.04,163.28,12,1907.55,1969000,536100000,10.80000019,"N","N","multicolour","medium","N","Asia"
"185","Vanuatu",3.39,117.06,71.67,327060,127244,11.3,310,15.34,0.14,950,58305.4,36.1,20.77,25.51,253165,44.12,137.96,9.12,3167.06,110000,4.1e+07,7.22300006379,"N","N","multicolour","medium","Y","Australia"
"186","Venezuela, RB",1.54,902.23,74.07,6866780.6,30896079,54.9,2233431,24.49,0.42,3693974,214161,53.3,34.32,88.89,30276045,80.28,131.2,15,12265.03,986000,3.23e+09,7.5,"N","N","multicolour","low","Y","South America"
"187","Vietnam",3.8,372.44,75.48,20429309.91,123735557,43.9,5152576,35,1.12,49233352,2803800,46.81,289.48,32.31,89759500,37.09,133.66,9,1907.56,7572000,8217100000,2.200000048,"N","N","two-colour","low","Y","Asia"
"188","Yemen, Rep.",1.41,211.04,63.58,1664220,16844700,20,256800,44.6,0.88,863334,210000,1.04,48.36,33.45,25533217,63.73,138.37,9,1582.85,990000,8.6e+07,17.70000076,"N","N","tricolour","low","Y","Asia"
"189","Zambia",2.77,186.89,59.24,10032,10395801,15.4,13927,31.93,0.16,2900044,75187,65.87,20.51,40.03,15246086,98.17,184.37,8.37,1839.52,915000,2.1e+08,13.10000038,"N","N","multicolour","low","N","Africa"
"190","Zimbabwe",2.85,119.73,55.63,351564,13633167,15.5,103916,41.88,1.13,998450,10500,37.97,38.51,32.65,14898092,111.87,97.96,7,905.5,1833000,244450000,5.300000191,"N","N","multicolour","high","N","Africa"
